{"cameraMode":{"drawMode":0,"name":"Shaded","section":"Shading Mode"},"sceneLighting":false,"audioPlay":false,"sceneViewState":{"m_AlwaysRefresh":false,"showFog":false,"showSkybox":false,"showFlares":false,"showImageEffects":false,"showParticleSystems":false,"showVisualEffectGraphs":true,"m_FxEnabled":true},"in2DMode":false,"pivot":{"x":77.99768829345703,"y":0.8700000047683716,"z":24.299999237060548},"rotation":{"x":0.04898557811975479,"y":-0.2764774560928345,"z":0.014113182201981545,"w":0.9596701860427856},"size":1.2247449159622193,"orthographic":false}