{"cameraMode":{"drawMode":0,"name":"Shaded","section":"Shading Mode"},"sceneLighting":false,"audioPlay":false,"sceneViewState":{"m_AlwaysRefresh":false,"showFog":false,"showSkybox":false,"showFlares":false,"showImageEffects":false,"showParticleSystems":false,"showVisualEffectGraphs":true,"m_FxEnabled":true},"in2DMode":false,"pivot":{"x":1.4901161193847657e-8,"y":0.09931185096502304,"z":0.026696793735027314},"rotation":{"x":0.007013368420302868,"y":-0.9285803437232971,"z":0.0175466388463974,"w":0.3706677258014679},"size":0.1644441932439804,"orthographic":false}