{"cameraMode":{"drawMode":0,"name":"Shaded","section":"Shading Mode"},"sceneLighting":false,"audioPlay":false,"sceneViewState":{"m_AlwaysRefresh":false,"showFog":false,"showSkybox":false,"showFlares":false,"showImageEffects":false,"showParticleSystems":false,"showVisualEffectGraphs":true,"m_FxEnabled":true},"in2DMode":false,"pivot":{"x":-0.14802953600883485,"y":0.3424016833305359,"z":0.09903645515441895},"rotation":{"x":0.0448535680770874,"y":0.07634885609149933,"z":-0.003435830119997263,"w":0.9960711002349854},"size":1.137110710144043,"orthographic":false}