{"cameraMode":{"drawMode":0,"name":"Shaded","section":"Shading Mode"},"sceneLighting":false,"audioPlay":false,"sceneViewState":{"m_AlwaysRefresh":false,"showFog":false,"showSkybox":false,"showFlares":false,"showImageEffects":false,"showParticleSystems":false,"showVisualEffectGraphs":true,"m_FxEnabled":true},"in2DMode":false,"pivot":{"x":76.95311737060547,"y":1.0040336847305298,"z":34.29288864135742},"rotation":{"x":0.004668259993195534,"y":0.6283946633338928,"z":0.0037693767808377744,"w":-0.7778913378715515},"size":0.6381958723068237,"orthographic":false}