{"cameraMode":{"drawMode":0,"name":"Shaded","section":"Shading Mode"},"sceneLighting":false,"audioPlay":false,"sceneViewState":{"m_AlwaysRefresh":false,"showFog":false,"showSkybox":false,"showFlares":false,"showImageEffects":false,"showParticleSystems":false,"showVisualEffectGraphs":true,"m_FxEnabled":true},"in2DMode":false,"pivot":{"x":91.29792022705078,"y":0.5795905590057373,"z":34.182491302490237},"rotation":{"x":-0.02069476805627346,"y":0.7534104585647583,"z":0.023740917444229127,"w":0.6568037271499634},"size":0.047036707401275638,"orthographic":false}