{"cameraMode":{"drawMode":0,"name":"Shaded","section":"Shading Mode"},"sceneLighting":false,"audioPlay":false,"sceneViewState":{"m_AlwaysRefresh":false,"showFog":false,"showSkybox":false,"showFlares":false,"showImageEffects":false,"showParticleSystems":false,"showVisualEffectGraphs":true,"m_FxEnabled":true},"in2DMode":false,"pivot":{"x":-1.210719347000122e-8,"y":0.040478337556123736,"z":0.07738222926855087},"rotation":{"x":0.05180719122290611,"y":-0.7713229060173035,"z":0.06331174820661545,"w":0.6311677694320679},"size":0.13741658627986909,"orthographic":false}