{"cameraMode":{"drawMode":0,"name":"Shaded","section":"Shading Mode"},"sceneLighting":false,"audioPlay":false,"sceneViewState":{"m_AlwaysRefresh":false,"showFog":false,"showSkybox":false,"showFlares":false,"showImageEffects":false,"showParticleSystems":false,"showVisualEffectGraphs":true,"m_FxEnabled":true},"in2DMode":false,"pivot":{"x":1.4901161193847657e-8,"y":0.09931185096502304,"z":0.026696793735027314},"rotation":{"x":0.019460566341876985,"y":-0.9792069792747498,"z":0.11449336260557175,"w":0.16637001931667329},"size":0.1644441932439804,"orthographic":false}