{"cameraMode":{"drawMode":0,"name":"Shaded","section":"Shading Mode"},"sceneLighting":false,"audioPlay":false,"sceneViewState":{"m_AlwaysRefresh":false,"showFog":false,"showSkybox":false,"showFlares":false,"showImageEffects":false,"showParticleSystems":false,"showVisualEffectGraphs":true,"m_FxEnabled":true},"in2DMode":false,"pivot":{"x":-5.513429641723633e-7,"y":0.2392524629831314,"z":-0.000004887580871582031},"rotation":{"x":0.08684909343719483,"y":0.6593940258026123,"z":-0.077102430164814,"w":0.7427785396575928},"size":0.2563183009624481,"orthographic":false}