{"cameraMode":{"drawMode":0,"name":"Shaded","section":"Shading Mode"},"sceneLighting":false,"audioPlay":false,"sceneViewState":{"m_AlwaysRefresh":false,"showFog":false,"showSkybox":false,"showFlares":false,"showImageEffects":false,"showParticleSystems":false,"showVisualEffectGraphs":true,"m_FxEnabled":true},"in2DMode":false,"pivot":{"x":0.026859883219003679,"y":0.029881566762924196,"z":-0.0019175410270690919},"rotation":{"x":0.25638654828071597,"y":0.3734138011932373,"z":-0.10818585753440857,"w":0.8849424123764038},"size":0.5975762009620667,"orthographic":false}