{"cameraMode":{"drawMode":0,"name":"Shaded","section":"Shading Mode"},"sceneLighting":false,"audioPlay":false,"sceneViewState":{"m_AlwaysRefresh":false,"showFog":false,"showSkybox":false,"showFlares":false,"showImageEffects":false,"showParticleSystems":false,"showVisualEffectGraphs":true,"m_FxEnabled":true},"in2DMode":false,"pivot":{"x":0.013541266322135926,"y":0.02091386914253235,"z":0.0855150818824768},"rotation":{"x":-0.04821460321545601,"y":0.9031425714492798,"z":0.10533169656991959,"w":0.4134315252304077},"size":0.02272826060652733,"orthographic":false}