{"cameraMode":{"drawMode":0,"name":"Shaded","section":"Shading Mode"},"sceneLighting":false,"audioPlay":false,"sceneViewState":{"m_AlwaysRefresh":false,"showFog":false,"showSkybox":false,"showFlares":false,"showImageEffects":false,"showParticleSystems":false,"showVisualEffectGraphs":true,"m_FxEnabled":true},"in2DMode":false,"pivot":{"x":78.4135971069336,"y":0.18645226955413819,"z":39.33580017089844},"rotation":{"x":0.293993204832077,"y":0.024369698017835618,"z":-0.007496503181755543,"w":0.9554750919342041},"size":0.29670384526252749,"orthographic":false}