{"cameraMode":{"drawMode":0,"name":"Shaded","section":"Shading Mode"},"sceneLighting":false,"audioPlay":false,"sceneViewState":{"m_AlwaysRefresh":false,"showFog":false,"showSkybox":false,"showFlares":false,"showImageEffects":false,"showParticleSystems":false,"showVisualEffectGraphs":true,"m_FxEnabled":true},"in2DMode":false,"pivot":{"x":1.4901161193847657e-8,"y":0.17875084280967713,"z":-2.9802322387695315e-8},"rotation":{"x":0.4570810794830322,"y":-0.04931790381669998,"z":0.02539614401757717,"w":0.8877017498016357},"size":0.2919241487979889,"orthographic":false}