{"cameraMode":{"drawMode":0,"name":"Shaded","section":"Shading Mode"},"sceneLighting":false,"audioPlay":false,"sceneViewState":{"m_AlwaysRefresh":false,"showFog":false,"showSkybox":false,"showFlares":false,"showImageEffects":false,"showParticleSystems":false,"showVisualEffectGraphs":true,"m_FxEnabled":true},"in2DMode":false,"pivot":{"x":-3.1765854358673097,"y":-0.5912768244743347,"z":-4.92499303817749},"rotation":{"x":0.014821933582425118,"y":-0.8274266123771668,"z":0.021840810775756837,"w":0.5609811544418335},"size":0.35697799921035769,"orthographic":false}